{
    "396748": [
        4556,
        2555,
        4540,
        85907,
        21343
    ],
    "24972": [
        4694,
        1030,
        3956,
        415,
        4556
    ],
    "268976": [
        4556,
        101879,
        65984,
        51588,
        25086
    ],
    "406698": [
        335,
        4556,
        617,
        918,
        306
    ],
    "589178": [
        4556,
        837,
        1072,
        1260,
        72761
    ],
    "151444": [
        1411,
        4556,
        1410,
        3349,
        2555
    ],
    "278673": [
        4556,
        47645,
        1348,
        47200,
        101879
    ],
    "321158": [
        4556,
        335,
        617,
        4598,
        1348
    ],
    "581787": [
        3801,
        4556,
        1348,
        1945,
        4696
    ],
    "534148": [
        4556,
        3899,
        32949,
        65984,
        101879
    ]
}